{
  "accuracy": 0.6842105263157895,
  "precision": 0.2413793103448276,
  "recall": 0.7777777777777778,
  "f1_score": 0.3684210526315789,
  "roc_auc": 0.7247097844112769
}